episode,total_reward,travel_time,final_distance,num_steps,goal_x,goal_y
0,-300.0,50,28.585074826397765,50,174.28611,-52.95363
1,-300.0,50,88.98911479809745,50,60.71808,-101.50853
2,-300.0,50,70.71326553628104,50,179.35797,-50.3969
3,-300.0,50,36.30531066600515,50,146.38351,-16.8317
4,-300.0,50,87.94150798556163,50,57.878,-96.38709
5,-300.0,50,318.12547720877967,50,57.79826,-96.8545
6,-300.0,50,58.98067309238351,50,61.01672,-100.81768
7,-8343.497545935224,22,8.217435996655492,22,57.5697,-95.70551
8,-300.0,50,33.662347816079105,50,146.38351,-16.8317
9,-300.0,50,184.14085196272177,50,172.10544,-38.54658
10,-300.0,50,112.96392596816335,50,57.878,-96.38709
11,-300.0,50,33.701504819114675,50,172.10544,-38.54658
12,-300.0,50,132.83695304256167,50,57.5697,-95.70551
13,-118.10197316872072,1,7.4429438096740395,1,60.71808,-101.50853
14,-300.0,50,49.77725734650836,50,85.18898,-75.81464
15,-300.0,50,132.83695304256167,50,57.5697,-95.70551
16,-106.7783768927101,1,9.935792056467381,1,60.97376,-101.5251
17,-300.0,50,59.31519990285803,50,57.5697,-95.70551
18,-300.0,50,68.56019531711085,50,61.01672,-100.81768
19,-300.0,50,132.81471106265133,50,59.09988,-98.65828
20,-300.0,50,128.20796046864803,50,60.30195,-101.29418
21,-1000.0,1,8.417727503304102,1,176.66282,-36.86264
22,-1000.0,1,2.175533044953688e-06,1,172.10544,-38.54658
23,-300.0,50,17.10793788504191,50,176.66282,-36.86264
24,-300.0,50,133.14581630246494,50,57.79826,-96.8545
25,-300.0,50,116.46677086584208,50,60.30195,-101.29418
26,-300.0,50,339.81861488345817,50,179.35797,-50.3969
27,-1000.0,1,5.025746723874909,1,85.18898,-75.81464
28,-300.0,50,278.8252801406801,50,60.97376,-101.5251
29,-300.0,50,132.79692817833478,50,59.09521,-98.61116
30,-300.0,50,108.02746536851672,50,59.09988,-98.65828
31,-1000.0,1,5.780228806407936,1,172.10544,-38.54658
32,-13.469149806222703,1,6.903270989998917,1,63.30532,-96.53351
33,-300.0,50,132.81471106265133,50,59.09988,-98.65828
34,-1000.0,1,5.457268476985921,1,172.10544,-38.54658
35,-300.0,50,130.9857337185393,50,59.7064,-98.62684
36,-300.0,50,128.10361809736943,50,63.30532,-96.53351
37,-300.0,50,35.23634049607655,50,59.09521,-98.61116
38,-300.0,50,133.14581630246494,50,57.79826,-96.8545
39,-7301.789344448469,21,9.379648226969541,21,57.46519,-96.59826
40,-300.0,50,83.26417473560531,50,60.71808,-101.50853
41,-300.0,50,17.10793788504191,50,176.66282,-36.86264
42,-300.0,50,206.65317598313217,50,146.38351,-16.8317
43,-300.0,50,124.56952055895246,50,179.35797,-50.3969
44,-300.0,50,115.84619811709459,50,60.30195,-101.29418
45,-300.0,50,128.20796046864803,50,60.30195,-101.29418
46,-300.0,50,116.09770913634557,50,57.5697,-95.70551
47,-1000.0,1,4.858537513550035,1,176.66282,-36.86264
48,-300.0,50,13.89349743881503,50,179.35797,-50.3969
49,-300.0,50,53.38366549142317,50,85.18898,-75.81464
50,-300.0,50,34.99291247641854,50,173.58321,-53.3448
51,-2944.246761182447,20,7.141245635994621,20,176.66282,-36.86264
52,-300.0,39,9.472009701796463,39,172.10544,-38.54658
53,-300.0,50,136.21139970371374,50,57.46519,-96.59826
54,-300.0,50,36.30531066600515,50,146.38351,-16.8317
55,-300.0,50,63.41041996342312,50,61.01672,-100.81768
56,-300.0,50,99.35336157461792,50,57.56459,-95.52724
57,-300.0,50,116.22104398039069,50,60.71808,-101.50853
58,-300.0,50,74.74249960554725,50,63.30532,-96.53351
59,-300.0,50,217.0320977498347,50,176.66282,-36.86264
60,-300.0,50,258.61993248775514,50,146.38351,-16.8317
61,-300.0,50,68.08426625985517,50,173.58321,-53.3448
62,-300.0,50,116.09770913634557,50,57.5697,-95.70551
63,-300.0,50,111.47001295020638,50,63.30532,-96.53351
64,-300.0,50,143.99912074830274,50,59.09521,-98.61116
65,-300.0,50,30.649236037998993,50,146.38351,-16.8317
66,-300.0,50,82.50993793983389,50,85.18898,-75.81464
67,-2000.0,2,9.746073013246374,2,174.28611,-52.95363
68,-300.0,50,80.73193000833601,50,57.79826,-96.8545
69,-1000.0,1,6.48076147943343,1,172.10544,-38.54658
70,-300.0,50,89.27338018404366,50,179.35797,-50.3969
71,-300.0,50,33.662347816079105,50,146.38351,-16.8317
72,-300.0,50,196.94602754622952,50,146.38351,-16.8317
73,-300.0,50,114.02446747031605,50,60.30195,-101.29418
74,-300.0,50,132.81471106265133,50,59.09988,-98.65828
75,-300.0,50,104.91403175354719,50,60.71808,-101.50853
76,-300.0,50,123.28807578644016,50,63.30532,-96.53351
77,-300.0,50,124.06906022250418,50,57.46519,-96.59826
78,-300.0,50,132.15244625092708,50,61.01672,-100.81768
79,-300.0,50,116.15686944148018,50,59.09521,-98.61116
80,-94.48945970466642,1,6.850679499342814,1,61.01672,-100.81768
81,-300.0,50,127.44873983229564,50,59.7064,-98.62684
82,-300.0,50,106.9411986039543,50,60.97376,-101.5251
83,-300.0,50,86.45740769675736,50,59.09988,-98.65828
84,-300.0,50,33.662347816079105,50,146.38351,-16.8317
85,-300.0,50,317.76692710707243,50,146.38351,-16.8317
86,-300.0,50,128.10361809736943,50,63.30532,-96.53351
87,-300.0,50,124.36752226377048,50,60.30195,-101.29418
88,-300.0,50,88.07213351853174,50,59.09988,-98.65828
89,-300.0,50,46.83429215076561,50,60.30195,-101.29418
90,-300.0,50,86.0732177173438,50,59.7064,-98.62684
91,-300.0,50,132.81471106265133,50,59.09988,-98.65828
92,-300.0,50,125.8186791114915,50,60.97376,-101.5251
93,-300.0,50,105.00931821320184,50,57.878,-96.38709
94,-300.0,50,127.95057859224308,50,60.71808,-101.50853
95,-300.0,50,89.35083401855744,50,172.10544,-38.54658
96,-300.0,50,136.59086182075313,50,57.56459,-95.52724
97,-300.0,50,128.00616573509348,50,57.5697,-95.70551
98,-300.0,50,107.3613417899252,50,60.30195,-101.29418
99,-300.0,50,92.31570911064844,50,60.71808,-101.50853
100,-300.0,50,92.7246080117269,50,60.30195,-101.29418
101,-300.0,50,116.0188519793474,50,57.56459,-95.52724
102,-960.593064045011,20,7.999129048783103,20,174.28611,-52.95363
103,-60.723024258438485,1,3.871033157288669,1,146.38351,-16.8317
104,-300.0,50,91.10420357918471,50,63.30532,-96.53351
105,-300.0,50,115.63330027912018,50,59.7064,-98.62684
106,-300.0,50,106.56552095994135,50,60.97376,-101.5251
107,-300.0,50,274.9940676321671,50,59.09521,-98.61116
108,-300.0,50,132.53374589307685,50,60.97376,-101.5251
109,-300.0,50,26.25266906394263,50,174.28611,-52.95363
110,-300.0,50,80.78033255854147,50,57.5697,-95.70551
111,-300.0,50,19.59988175552484,50,174.28611,-52.95363
112,-300.0,50,137.99441111349222,50,146.38351,-16.8317
113,-300.0,50,296.6832218014478,50,59.09521,-98.61116
114,-300.0,50,132.83695304256167,50,57.5697,-95.70551
115,-300.0,50,94.56943963721574,50,85.18898,-75.81464
116,-300.0,50,428.97524167241306,50,57.56459,-95.52724
117,-1000.0,1,5.366687752217687,1,172.10544,-38.54658
118,-300.0,50,82.53575317829076,50,61.01672,-100.81768
119,-300.0,50,125.48663484484949,50,59.7064,-98.62684
120,-300.0,50,83.11846199136252,50,179.35797,-50.3969
121,-300.0,50,95.42251302909722,50,57.56459,-95.52724
122,-300.0,50,33.662347816079105,50,146.38351,-16.8317
123,-300.0,50,112.98492332065784,50,172.10544,-38.54658
124,-300.0,50,133.0085594478963,50,60.30195,-101.29418
125,-86.16947568544899,1,9.382797180174551,1,60.30195,-101.29418
126,-300.0,50,95.84493321677611,50,60.97376,-101.5251
127,-300.0,50,132.76266491358157,50,57.56459,-95.52724
128,-300.0,50,282.11221841975123,50,63.30532,-96.53351
129,-300.0,50,46.83429215076561,50,60.30195,-101.29418
130,-300.0,50,271.04421931970523,50,85.18898,-75.81464
131,-300.0,50,106.3662456574301,50,59.7064,-98.62684
132,-300.0,50,342.7212722928403,50,57.46519,-96.59826
133,-300.0,50,114.76870296580125,50,63.30532,-96.53351
134,288.8726105448204,17,6.616079004559428,17,173.58321,-53.3448
135,-300.0,50,147.92264343014477,50,57.56459,-95.52724
136,-300.0,50,96.0444858762464,50,60.71808,-101.50853
137,-300.0,50,81.35643716072325,50,57.46519,-96.59826
138,-300.0,50,78.82718874778124,50,63.30532,-96.53351
139,-300.0,50,36.30531066600515,50,146.38351,-16.8317
140,-300.0,50,128.20796046864803,50,60.30195,-101.29418
141,-300.0,50,41.21035265533319,50,63.30532,-96.53351
142,-300.0,50,128.31969600291282,50,57.79826,-96.8545
143,-300.0,50,252.43524506032998,50,57.46519,-96.59826
144,-300.0,50,115.63330027912018,50,59.7064,-98.62684
145,-300.0,50,61.23585445237003,50,57.56459,-95.52724
146,-1000.0,1,5.020961081453456,1,176.66282,-36.86264
147,-300.0,50,278.89365970517315,50,146.38351,-16.8317
148,-300.0,50,126.32368410138129,50,57.79826,-96.8545
149,-300.0,50,147.1423722059408,50,57.878,-96.38709
150,-300.0,50,13.799999337630371,50,179.35797,-50.3969
151,-300.0,50,252.26246130362065,50,57.79826,-96.8545
152,-300.0,50,93.3445847765693,50,179.35797,-50.3969
153,-300.0,50,132.15244625092708,50,61.01672,-100.81768
154,-300.0,50,80.90252585204358,50,61.01672,-100.81768
155,-300.0,50,266.7439798715502,50,174.28611,-52.95363
156,-1000.0,1,6.124754291879316,1,172.10544,-38.54658
157,-300.0,50,19.44940850690411,50,146.38351,-16.8317
158,-300.0,50,132.76266491358157,50,57.56459,-95.52724
159,-300.0,50,145.07411431891404,50,174.28611,-52.95363
160,-300.0,50,310.51554179252577,50,59.09988,-98.65828
161,-300.0,50,206.6996467900656,50,59.09988,-98.65828
162,-300.0,50,127.93123693336182,50,57.56459,-95.52724
163,-85.03213053051428,1,9.372735068904609,1,60.30195,-101.29418
164,-300.0,50,327.203964067912,50,57.79826,-96.8545
165,-89.09274774720046,1,9.228649144948887,1,59.09521,-98.61116
166,-300.0,50,132.7489182420373,50,60.71808,-101.50853
167,-300.0,50,116.09770913634557,50,57.5697,-95.70551
168,-190.42827229127,4,9.990961841269263,4,59.09988,-98.65828
169,-300.0,50,309.25200112439916,50,59.09988,-98.65828
170,-300.0,50,128.10361809736943,50,63.30532,-96.53351
171,-300.0,50,108.01118025892684,50,59.09521,-98.61116
172,-300.0,50,75.2110970384206,50,173.58321,-53.3448
173,-300.0,50,128.31969600291282,50,57.79826,-96.8545
174,-300.0,50,347.3860532909768,50,59.7064,-98.62684
175,-300.0,50,133.32824459786568,50,57.46519,-96.59826
176,-300.0,50,48.936812726377305,50,174.28611,-52.95363
177,-300.0,50,15.756041335027065,50,174.28611,-52.95363
178,-300.0,50,286.82304454382904,50,59.09988,-98.65828
179,-300.0,50,87.99987064982719,50,174.28611,-52.95363
180,-300.0,50,132.79692817833478,50,59.09521,-98.61116
181,-300.0,50,132.76266491358157,50,57.56459,-95.52724
182,-300.0,50,132.83695304256167,50,57.5697,-95.70551
183,-300.0,50,101.08971209076657,50,173.58321,-53.3448
184,-300.0,50,128.10361809736943,50,63.30532,-96.53351
185,-300.0,50,116.0188519793474,50,57.56459,-95.52724
186,-300.0,50,36.30531066600515,50,146.38351,-16.8317
187,-300.0,50,137.41610467896595,50,146.38351,-16.8317
188,-300.0,50,300.7410774471371,50,57.79826,-96.8545
189,-300.0,42,9.970360499698746,42,60.30195,-101.29418
190,-300.0,50,99.42194362816907,50,85.18898,-75.81464
191,-300.0,50,316.16848483421853,50,57.56459,-95.52724
192,-94.48945970466642,1,6.850679499342814,1,61.01672,-100.81768
193,-300.0,50,93.6648454128113,50,60.30195,-101.29418
194,-300.0,50,36.30531066600515,50,146.38351,-16.8317
195,-300.0,50,46.7775747048124,50,60.71808,-101.50853
196,-300.0,50,12.276392540416017,50,172.10544,-38.54658
197,-300.0,50,262.7559617319706,50,85.18898,-75.81464
198,-1000.0,1,9.67068537097097,1,173.58321,-53.3448
199,-300.0,50,94.56943963721574,50,85.18898,-75.81464
200,-300.0,50,92.49903970689577,50,85.18898,-75.81464
201,-300.0,50,132.15244625092708,50,61.01672,-100.81768
202,-300.0,50,242.62898407215954,50,57.878,-96.38709
203,-300.0,50,128.50052108205082,50,57.46519,-96.59826
204,-300.0,50,123.28807578644016,50,63.30532,-96.53351
205,-300.0,50,102.22174735736435,50,60.30195,-101.29418
206,-300.0,50,59.069483258007104,50,57.878,-96.38709
207,-300.0,50,128.50052108205082,50,57.46519,-96.59826
208,-300.0,50,132.8645743535303,50,57.878,-96.38709
209,-300.0,50,127.50786857786329,50,63.30532,-96.53351
210,-300.0,50,116.09770913634557,50,57.5697,-95.70551
211,-300.0,50,35.507471790134495,50,179.35797,-50.3969
212,-85.63997275906016,1,9.345554739072911,1,61.01672,-100.81768
213,113.8462142377141,19,8.779031591699486,19,173.58321,-53.3448
214,-300.0,50,12.276392540416017,50,172.10544,-38.54658
215,-300.0,50,92.07822042523928,50,59.09521,-98.61116
216,-300.0,50,125.42542808987976,50,61.01672,-100.81768
217,-300.0,50,83.52550981097671,50,59.09988,-98.65828
218,-1000.0,1,8.183197714321766,1,176.66282,-36.86264
219,-300.0,50,14.571148977180451,50,174.28611,-52.95363
220,-300.0,50,127.93123693336182,50,57.56459,-95.52724
221,-300.0,50,66.4060030389674,50,57.878,-96.38709
222,-9434.667321087501,23,9.838349774480005,23,57.878,-96.38709
223,-300.0,50,42.97023369519912,50,57.878,-96.38709
224,-300.0,50,80.62242856194638,50,174.28611,-52.95363
225,-300.0,50,95.26112597199273,50,59.7064,-98.62684
226,-300.0,50,17.10793788504191,50,176.66282,-36.86264
227,-300.0,50,149.99850575693776,50,60.97376,-101.5251
228,-300.0,50,146.25768980832888,50,59.09988,-98.65828
229,-300.0,50,33.662347816079105,50,146.38351,-16.8317
230,-300.0,50,194.90854977079226,50,173.58321,-53.3448
231,-300.0,50,63.41041996342312,50,61.01672,-100.81768
232,-1000.0,1,9.94759341603327,1,173.58321,-53.3448
233,-300.0,50,106.86931769691864,50,59.09521,-98.61116
234,-300.0,50,115.63330027912018,50,59.7064,-98.62684
235,-300.0,50,128.03683882181096,50,57.878,-96.38709
236,-300.0,50,82.50993793983389,50,85.18898,-75.81464
237,-300.0,50,127.44873983229564,50,59.7064,-98.62684
238,-300.0,50,116.09770913634557,50,57.5697,-95.70551
239,-300.0,50,309.2244011291798,50,57.56459,-95.52724
240,-83.83167620048289,1,8.886592753462384,1,59.09521,-98.61116
241,-300.0,50,16.265568801173306,50,174.28611,-52.95363
242,-300.0,50,132.7489182420373,50,60.71808,-101.50853
243,-300.0,50,81.35643716072325,50,57.46519,-96.59826
244,-300.0,50,327.05044666036616,50,179.35797,-50.3969
245,-60.723024258438485,1,3.871033157288669,1,146.38351,-16.8317
246,-300.0,50,115.48871682696915,50,59.09521,-98.61116
247,-300.0,50,95.84493321677611,50,60.97376,-101.5251
248,-300.0,50,99.42194362816907,50,85.18898,-75.81464
249,-1000.0,1,4.580343662252482,1,176.66282,-36.86264
250,-300.0,50,113.20138220064817,50,172.10544,-38.54658
251,-300.0,50,14.571148977180451,50,174.28611,-52.95363
252,-300.0,50,94.56943963721574,50,85.18898,-75.81464
253,1085.0888660684025,19,9.722223423417217,19,174.28611,-52.95363
254,-300.0,50,106.50241664478142,50,61.01672,-100.81768
255,-300.0,50,161.64456371654032,50,59.09988,-98.65828
256,-300.0,50,133.14581630246494,50,57.79826,-96.8545
257,-300.0,50,81.55963422130729,50,60.71808,-101.50853
258,-300.0,50,139.08467826130504,50,61.01672,-100.81768
259,-1000.0,1,4.858541416766817,1,172.10544,-38.54658
260,-300.0,50,127.95057859224308,50,60.71808,-101.50853
261,-300.0,50,17.10793788504191,50,176.66282,-36.86264
262,-1000.0,1,5.28164868341441,1,172.10544,-38.54658
263,-300.0,50,142.44587432085928,50,176.66282,-36.86264
264,-300.0,50,13.89349743881503,50,179.35797,-50.3969
265,-300.0,50,111.47001295020638,50,63.30532,-96.53351
266,-300.0,50,116.0109691291759,50,60.97376,-101.5251
267,-300.0,50,206.66966686254364,50,176.66282,-36.86264
268,-300.0,50,127.44873983229564,50,59.7064,-98.62684
269,-300.0,50,68.68061827102255,50,57.56459,-95.52724
270,-300.0,50,258.61993248775514,50,146.38351,-16.8317
271,-300.0,50,115.63330027912018,50,59.7064,-98.62684
272,-300.0,50,106.70256078935542,50,60.71808,-101.50853
273,-300.0,50,21.236509682444478,50,179.35797,-50.3969
274,-300.0,50,55.509904233906646,50,60.30195,-101.29418
275,-300.0,50,14.571148977180451,50,174.28611,-52.95363
276,-300.0,50,79.38255253338784,50,57.5697,-95.70551
277,-300.0,50,95.7638628613526,50,59.09521,-98.61116
278,-300.0,50,99.42194362816907,50,85.18898,-75.81464
279,-300.0,50,176.04080575229716,50,59.09988,-98.65828
280,-300.0,50,129.24194582792032,50,57.5697,-95.70551
281,-300.0,50,245.78785670350473,50,176.66282,-36.86264
282,-300.0,50,36.30531066600515,50,146.38351,-16.8317
283,-300.0,50,104.64599385459464,50,63.30532,-96.53351
284,-300.0,50,157.89077864232445,50,146.38351,-16.8317
285,-300.0,50,353.2802030750402,50,57.878,-96.38709
286,-89.05880042622768,1,9.083410870789155,1,59.7064,-98.62684
287,-300.0,50,150.18420254003786,50,59.7064,-98.62684
288,-300.0,50,94.56943963721574,50,85.18898,-75.81464
289,-1000.0,1,4.81351388945861,1,172.10544,-38.54658
290,-1000.0,1,2.175533044953688e-06,1,172.10544,-38.54658
291,-300.0,50,89.2033221337353,50,60.71808,-101.50853
292,-300.0,50,45.017799281282706,50,59.7064,-98.62684
293,-300.0,50,109.97974258290282,50,59.09988,-98.65828
294,-300.0,50,34.48283834614639,50,174.28611,-52.95363
295,-74.36640100930181,1,8.92952590976943,1,60.30195,-101.29418
296,-300.0,50,49.38914651502469,50,57.56459,-95.52724
297,-300.0,50,107.81555352430856,50,57.46519,-96.59826
298,-300.0,50,29.597781819744647,50,57.46519,-96.59826
299,400.2941540568961,16,6.529533384222756,16,172.10544,-38.54658
300,-300.0,50,132.8645743535303,50,57.878,-96.38709
301,-300.0,50,110.72727462726613,50,59.09521,-98.61116
302,-300.0,50,182.77876242459865,50,146.38351,-16.8317
303,-300.0,50,116.14688144918257,50,57.878,-96.38709
304,-3041.959997494541,23,5.699724260806902,23,176.66282,-36.86264
305,-1000.0,1,4.858537513550035,1,176.66282,-36.86264
306,-300.0,50,155.7806947700525,50,59.09521,-98.61116
307,-300.0,50,106.70256078935542,50,60.71808,-101.50853
308,-300.0,50,99.42194362816907,50,85.18898,-75.81464
309,-300.0,50,116.43923066001459,50,57.79826,-96.8545
310,-1000.0,1,9.486398859673708,1,174.28611,-52.95363
311,-300.0,50,137.27241252054617,50,59.09988,-98.65828
312,-300.0,50,100.39139422154949,50,174.28611,-52.95363
313,-300.0,50,128.03683882181096,50,57.878,-96.38709
314,-300.0,50,23.57772583809546,50,146.38351,-16.8317
315,-300.0,50,107.16798189421435,50,57.46519,-96.59826
316,-300.0,50,109.80124811786258,50,57.46519,-96.59826
317,-300.0,50,36.30531066600515,50,146.38351,-16.8317
318,-300.0,50,18.016699330736824,50,173.58321,-53.3448
319,-300.0,50,60.834802154512836,50,59.09988,-98.65828
320,-300.0,50,128.10361809736943,50,63.30532,-96.53351
321,-300.0,50,293.60883792689623,50,146.38351,-16.8317
322,-300.0,50,36.30531066600515,50,146.38351,-16.8317
323,-300.0,50,31.68962064295779,50,174.28611,-52.95363
324,-300.0,50,63.220407034354594,50,60.97376,-101.5251
325,-300.0,50,105.09276872763503,50,59.09988,-98.65828
326,-300.0,50,133.0085594478963,50,60.30195,-101.29418
327,-300.0,50,111.18597765943456,50,59.09988,-98.65828
328,-300.0,50,107.42646879740387,50,59.09988,-98.65828
329,-1000.0,1,5.897619640829436,1,176.66282,-36.86264
330,-300.0,50,101.1599207661986,50,57.56459,-95.52724
331,-3578.9083743079027,31,9.106818450532648,31,172.10544,-38.54658
332,-300.0,50,35.60649590762667,50,174.28611,-52.95363
333,-1000.0,1,2.175533044953688e-06,1,172.10544,-38.54658
334,-300.0,50,94.56943963721574,50,85.18898,-75.81464
335,-300.0,50,133.0085594478963,50,60.30195,-101.29418
336,-300.0,50,70.90696308889841,50,57.5697,-95.70551
337,-300.0,50,111.18597765943456,50,59.09988,-98.65828
338,-300.0,50,128.50052108205082,50,57.46519,-96.59826
339,-300.0,50,64.92503569722318,50,57.79826,-96.8545
340,-300.0,50,283.9415754521675,50,57.5697,-95.70551
341,-300.0,50,182.93234228524656,50,61.01672,-100.81768
342,-300.0,50,233.4424641456261,50,173.58321,-53.3448
343,-1000.0,1,4.019582700775326,1,172.10544,-38.54658
344,-300.0,50,104.71730936088089,50,60.97376,-101.5251
345,-300.0,50,114.58689765691898,50,60.30195,-101.29418
346,-300.0,50,17.32009568472558,50,172.10544,-38.54658
347,-300.0,50,67.98697719388667,50,57.56459,-95.52724
348,-1000.0,1,2.175533044953688e-06,1,172.10544,-38.54658
349,-300.0,50,125.63018651995255,50,57.56459,-95.52724
350,-300.0,50,127.95057859224308,50,60.71808,-101.50853
351,-300.0,50,63.31701373449202,50,60.97376,-101.5251
352,-300.0,50,225.97318686630723,50,60.97376,-101.5251
353,-300.0,50,99.35336157461792,50,57.56459,-95.52724
354,-1000.0,1,7.271490318871331,1,176.66282,-36.86264
355,-300.0,50,107.16798189421435,50,57.46519,-96.59826
356,-300.0,50,74.59186935039746,50,63.30532,-96.53351
357,-300.0,50,13.89349743881503,50,179.35797,-50.3969
358,-1000.0,1,6.549169523805562e-06,1,176.66282,-36.86264
359,-300.0,50,120.01686136260243,50,173.58321,-53.3448
360,-66.3186731715254,1,7.657807495276992,1,59.09988,-98.65828
361,-300.0,50,159.44161509460784,50,59.09988,-98.65828
362,-300.0,50,105.00909743435177,50,60.97376,-101.5251
363,-300.0,50,284.27088957975445,50,57.79826,-96.8545
364,-109.88749506825314,1,7.499091273965836,1,60.30195,-101.29418
365,-300.0,50,274.46467693344243,50,59.7064,-98.62684
366,-300.0,50,253.38571859440074,50,57.878,-96.38709
367,-300.0,50,132.85139827490138,50,57.79826,-96.8545
368,-300.0,50,102.22174735736435,50,60.30195,-101.29418
369,-300.0,50,116.14688144918257,50,57.878,-96.38709
370,-300.0,50,240.80096962261348,50,174.28611,-52.95363
371,-300.0,50,116.43923066001459,50,57.79826,-96.8545
372,-300.0,50,132.26345702102202,50,59.7064,-98.62684
373,-300.0,50,190.11648912280336,50,173.58321,-53.3448
374,-707.388018421499,19,5.749040696932537,19,176.66282,-36.86264
375,-300.0,50,46.644464443703455,50,57.56459,-95.52724
376,-300.0,50,64.1113684101658,50,59.09521,-98.61116
377,-300.0,50,128.20796046864803,50,60.30195,-101.29418
378,-300.0,50,152.53859932646375,50,60.97376,-101.5251
379,-89.55594275892705,1,6.429910055077603,1,61.01672,-100.81768
380,-300.0,50,127.95057859224308,50,60.71808,-101.50853
381,-300.0,50,43.57275366839094,50,57.79826,-96.8545
382,-45.69885622727951,1,9.977407451698351,1,173.58321,-53.3448
383,-300.0,50,22.173306763752024,50,176.66282,-36.86264
384,-300.0,50,49.22267899403831,50,85.18898,-75.81464
385,-300.0,50,140.74463134593148,50,59.7064,-98.62684
386,-300.0,50,132.26345702102202,50,59.7064,-98.62684
387,-100.84187745778047,1,6.162992466217377,1,60.71808,-101.50853
388,-300.0,50,301.79680163270945,50,60.71808,-101.50853
389,-300.0,50,74.31544296282786,50,146.38351,-16.8317
390,-300.0,50,189.41176784334252,50,63.30532,-96.53351
391,-300.0,50,126.03100081963841,50,60.71808,-101.50853
392,-300.0,50,64.49357156608919,50,59.09988,-98.65828
393,-3518.857899467088,30,6.969628173418378,30,172.10544,-38.54658
394,-300.0,50,40.25992580149956,50,179.35797,-50.3969
395,-300.0,50,279.94578955058597,50,61.01672,-100.81768
396,-300.0,50,127.99872075857121,50,59.09988,-98.65828
397,-300.0,50,136.46637218977776,50,57.79826,-96.8545
398,-300.0,50,127.99872075857121,50,59.09988,-98.65828
399,-300.0,50,279.11981022175536,50,63.30532,-96.53351
400,-300.0,50,181.47690199042535,50,60.71808,-101.50853
401,-231.18695464782218,5,9.847845747320497,5,174.28611,-52.95363
402,-300.0,50,18.016699330736824,50,173.58321,-53.3448
403,-300.0,50,132.76266491358157,50,57.56459,-95.52724
404,-300.0,50,300.45375238133533,50,60.97376,-101.5251
405,-300.0,50,118.81662769618498,50,57.46519,-96.59826
406,-300.0,50,132.26345702102202,50,59.7064,-98.62684
407,-300.0,50,124.24589942204415,50,146.38351,-16.8317
408,-102.7315544942833,1,9.978586211992853,1,60.71808,-101.50853
409,-300.0,50,116.14688144918257,50,57.878,-96.38709
410,-1000.0,1,2.175533044953688e-06,1,172.10544,-38.54658
411,-300.0,50,116.0109691291759,50,60.97376,-101.5251
412,-300.0,50,134.58814493881803,50,57.5697,-95.70551
413,-300.0,50,67.26525894617764,50,85.18898,-75.81464
414,-300.0,50,132.26345702102202,50,59.7064,-98.62684
415,-300.0,50,102.17057294802123,50,60.97376,-101.5251
416,-300.0,50,111.16514642619683,50,59.09521,-98.61116
417,-300.0,50,184.74999263017295,50,60.71808,-101.50853
418,-300.0,50,128.50052108205082,50,57.46519,-96.59826
419,-300.0,50,99.42194362816907,50,85.18898,-75.81464
420,94.09847782401175,20,9.524754893387792,20,172.10544,-38.54658
421,-1000.0,1,4.858541416766817,1,172.10544,-38.54658
422,-300.0,50,126.49935216309783,50,57.46519,-96.59826
423,-300.0,50,115.60869641276199,50,61.01672,-100.81768
424,-300.0,50,116.09770913634557,50,57.5697,-95.70551
425,-60.723024258438485,1,3.871033157288669,1,146.38351,-16.8317
426,-300.0,50,127.35145486320225,50,61.01672,-100.81768
427,-300.0,50,13.799999337630371,50,179.35797,-50.3969
428,-104.01365931929679,1,9.78898876146703,1,60.71808,-101.50853
429,-89.73138217205543,1,9.65081598822103,1,59.7064,-98.62684
430,-300.0,50,132.15244625092708,50,61.01672,-100.81768
431,-300.0,50,127.99872075857121,50,59.09988,-98.65828
432,-300.0,50,179.81527571753003,50,60.30195,-101.29418
433,-300.0,50,112.96030223029734,50,57.46519,-96.59826
434,-300.0,50,54.00008297271946,50,61.01672,-100.81768
435,-300.0,50,75.83587811887395,50,60.30195,-101.29418
436,-300.0,50,57.12759670194273,50,57.79826,-96.8545
437,-300.0,50,16.265568801173306,50,174.28611,-52.95363
438,-300.0,50,127.93123693336182,50,57.56459,-95.52724
439,-300.0,50,95.40379785080869,50,61.01672,-100.81768
440,-300.0,50,72.58944198400812,50,60.30195,-101.29418
441,-21.03290516663334,1,7.112525627097671,1,63.30532,-96.53351
442,-300.0,50,116.61046631350943,50,57.46519,-96.59826
443,-300.0,50,78.24105501815787,50,61.01672,-100.81768
444,-300.0,50,68.22175694754056,50,60.71808,-101.50853
445,-300.0,50,133.32824459786568,50,57.46519,-96.59826
446,-300.0,50,114.33277317617487,50,60.71808,-101.50853
447,-300.0,50,61.64466774194864,50,85.18898,-75.81464
448,-300.0,50,36.30531066600515,50,146.38351,-16.8317
449,-300.0,50,128.00616573509348,50,57.5697,-95.70551
450,-300.0,50,127.35145486320225,50,61.01672,-100.81768
451,-300.0,50,116.17604803612925,50,59.09988,-98.65828
452,-300.0,50,18.016699330736824,50,173.58321,-53.3448
453,-300.0,50,127.95057859224308,50,60.71808,-101.50853
454,-300.0,50,96.0444858762464,50,60.71808,-101.50853
455,-300.0,50,132.26345702102202,50,59.7064,-98.62684
456,-300.0,50,33.662347816079105,50,146.38351,-16.8317
457,-300.0,50,86.79341883943682,50,172.10544,-38.54658
458,-300.0,50,71.65927421719694,50,172.10544,-38.54658
459,-300.0,50,132.7489182420373,50,60.71808,-101.50853
460,-300.0,50,14.571148977180451,50,174.28611,-52.95363
461,-300.0,50,38.528528087489086,50,176.66282,-36.86264
462,-300.0,50,111.47001295020638,50,63.30532,-96.53351
463,-300.0,50,70.71326553628104,50,179.35797,-50.3969
464,-300.0,50,116.61046631350943,50,57.46519,-96.59826
465,-300.0,50,138.35994444769662,50,174.28611,-52.95363
466,-300.0,50,126.03297277880426,50,59.09988,-98.65828
467,-300.0,50,132.26345702102202,50,59.7064,-98.62684
468,-300.0,50,16.767397643417482,50,173.58321,-53.3448
469,-300.0,50,16.767397643417482,50,173.58321,-53.3448
470,-300.0,50,101.82316862216123,50,60.97376,-101.5251
471,-300.0,50,114.02446747031605,50,60.30195,-101.29418
472,-300.0,50,87.7518020528303,50,57.79826,-96.8545
473,-300.0,50,100.30607911098167,50,61.01672,-100.81768
474,-300.0,50,97.15804602946793,50,63.30532,-96.53351
475,-300.0,50,260.5130860828743,50,146.38351,-16.8317
476,-60.723024258438485,1,3.871033157288669,1,146.38351,-16.8317
477,-300.0,50,50.40011921909738,50,59.09988,-98.65828
478,-1000.0,1,8.84183455466652,1,176.66282,-36.86264
479,-300.0,50,127.99872075857121,50,59.09988,-98.65828
480,-300.0,50,28.585074826397765,50,174.28611,-52.95363
481,-300.0,50,279.11981022175536,50,63.30532,-96.53351
482,-300.0,50,115.60869641276199,50,61.01672,-100.81768
483,185.29115191454798,20,5.339738483671198,20,172.10544,-38.54658
484,-300.0,50,116.46677086584208,50,60.30195,-101.29418
485,-1000.0,1,6.437403456352386,1,176.66282,-36.86264
486,-300.0,50,126.03568663626154,50,57.878,-96.38709
487,-300.0,50,112.21199508701481,50,61.01672,-100.81768
488,-300.0,50,133.14581630246494,50,57.79826,-96.8545
489,-300.0,50,111.15505846664347,50,60.97376,-101.5251
490,-300.0,50,132.79692817833478,50,59.09521,-98.61116
491,-300.0,50,116.61046631350943,50,57.46519,-96.59826
492,-300.0,50,123.28807578644016,50,63.30532,-96.53351
493,-300.0,50,127.35145486320225,50,61.01672,-100.81768
494,-300.0,50,67.80739732274212,50,179.35797,-50.3969
495,-300.0,50,135.22024138300785,50,60.97376,-101.5251
496,-300.0,50,135.99155477628912,50,176.66282,-36.86264
497,-300.0,50,101.83285918945742,50,57.46519,-96.59826
498,-300.0,50,104.15410685637838,50,57.56459,-95.52724
499,-300.0,50,102.40307453973135,50,57.5697,-95.70551
